x,y,z,salinity
8105.997779422346,1614.5536228531025,-1.5,34.93507796883094
8105.997779422346,1613.954621189209,-1.4983361064891847,34.93507796883094
8105.997779422346,1613.3556195253154,-1.4966722129783694,34.93507796883094
8105.997779422346,1612.756617861422,-1.495008319467554,34.93507796883094
8105.997779422346,1612.1576161975286,-1.4933444259567388,34.93507796883094
8105.997779422346,1611.558614533635,-1.4916805324459235,34.93507796883094
8105.997779422346,1610.9596128697415,-1.4900166389351082,34.93507796883094
8105.997779422346,1610.360611205848,-1.4883527454242929,34.93507796883094
8105.997779422346,1609.7616095419544,-1.4866888519134775,34.93507796883094
8105.997779422346,1609.162607878061,-1.4850249584026622,34.93507796883094
8105.997779422346,1608.5636062141675,-1.483361064891847,34.93507796883094
8105.997779422346,1607.9646045502739,-1.4816971713810316,34.93507796883094
8105.997779422346,1607.3656028863804,-1.4800332778702163,34.93507796883094
8105.997779422346,1606.7666012224868,-1.478369384359401,34.93507796883094
8105.997779422346,1606.1675995585933,-1.4767054908485857,34.93507796883094
8105.997779422346,1605.5685978947,-1.4750415973377704,34.93507796883094
8105.997779422346,1604.9695962308062,-1.473377703826955,34.93507796883094
8105.997779422346,1604.3705945669128,-1.4717138103161398,34.93507796883094
8105.997779422346,1603.7715929030194,-1.4700499168053245,34.93507796883094
8105.997779422346,1603.1725912391257,-1.4683860232945092,34.93507796883094
8105.997779422346,1602.5735895752323,-1.4667221297836939,34.93507796883094
8105.997779422346,1601.9745879113389,-1.4650582362728786,34.93507796883094
8105.997779422346,1601.3755862474452,-1.4633943427620633,34.93507796883094
8105.997779422346,1600.7765845835518,-1.461730449251248,34.93507796883094
8105.997779422346,1600.1775829196583,-1.4600665557404326,34.93507796883094
8105.997779422346,1599.5785812557647,-1.4584026622296173,34.93507796883094
8105.997779422346,1598.9795795918712,-1.456738768718802,34.93507796883094
8105.997779422346,1598.3805779279778,-1.4550748752079867,34.93507796883094
8105.997779422346,1597.7815762640842,-1.4534109816971714,34.93507796883094
8105.997779422346,1597.1825746001907,-1.4517470881863561,34.93507796883094
8105.997779422346,1596.5835729362973,-1.4500831946755408,34.93507796883094
8105.997779422346,1595.9845712724036,-1.4484193011647255,34.93507796883094
8105.997779422346,1595.3855696085102,-1.4467554076539102,34.93507796883094
8105.997779422346,1594.7865679446168,-1.445091514143095,34.93507796883094
8105.997779422346,1594.187566280723,-1.4434276206322796,34.93507796883094
8105.997779422346,1593.5885646168297,-1.4417637271214643,34.93507796883094
8105.997779422346,1592.9895629529362,-1.440099833610649,34.93507796883094
8105.997779422346,1592.3905612890426,-1.4384359400998337,34.93507796883094
8105.997779422346,1591.7915596251491,-1.4367720465890184,34.93507796883094
8105.997779422346,1591.1925579612557,-1.435108153078203,34.93507796883094
8105.997779422346,1590.593556297362,-1.4334442595673877,34.93507796883094
8105.997779422346,1589.9945546334686,-1.4317803660565724,34.93507796883094
8105.997779422346,1589.395552969575,-1.4301164725457571,34.93507796883094
8105.997779422346,1588.7965513056815,-1.4284525790349418,34.93507796883094
8105.997779422346,1588.197549641788,-1.4267886855241265,34.93507796883094
8105.997779422346,1587.5985479778944,-1.4251247920133112,34.93507796883094
8105.997779422346,1586.999546314001,-1.423460898502496,34.93507796883094
8105.997779422346,1586.4005446501076,-1.4217970049916806,34.93507796883094
8105.997779422346,1585.801542986214,-1.4201331114808653,34.93507796883094
8105.997779422346,1585.2025413223205,-1.41846921797005,34.93507796883094
8105.997779422346,1584.603539658427,-1.4168053244592347,34.93507796883094
8105.997779422346,1584.0045379945334,-1.4151414309484194,34.93507796883094
8105.997779422346,1583.40553633064,-1.413477537437604,34.9560249068228
8105.997779422346,1582.8065346667465,-1.4118136439267888,34.9560249068228
8105.997779422346,1582.2075330028529,-1.4101497504159735,34.9560249068228
8105.997779422346,1581.6085313389594,-1.4084858569051582,34.9560249068228
8105.997779422346,1581.009529675066,-1.4068219633943428,34.9560249068228
8105.997779422346,1580.4105280111723,-1.4051580698835275,34.9560249068228
8105.997779422346,1579.811526347279,-1.4034941763727122,34.9560249068228
8105.997779422346,1579.2125246833855,-1.401830282861897,34.9560249068228
8105.997779422346,1578.6135230194918,-1.4001663893510816,34.9560249068228
8105.997779422346,1578.0145213555984,-1.3985024958402663,34.9560249068228
8105.997779422346,1577.415519691705,-1.396838602329451,34.9560249068228
8105.997779422346,1576.8165180278113,-1.3951747088186357,34.9560249068228
8105.997779422346,1576.2175163639179,-1.3935108153078204,34.9560249068228
8105.997779422346,1575.6185147000242,-1.391846921797005,34.9560249068228
8105.997779422346,1575.0195130361308,-1.3901830282861898,34.9560249068228
8105.997779422346,1574.4205113722373,-1.3885191347753745,34.9560249068228
8105.997779422346,1573.8215097083437,-1.3868552412645592,34.9560249068228
8105.997779422346,1573.2225080444503,-1.3851913477537439,34.9560249068228
8105.997779422346,1572.6235063805568,-1.3835274542429286,34.9560249068228
8105.997779422346,1572.0245047166632,-1.3818635607321132,34.9560249068228
8105.997779422346,1571.4255030527697,-1.380199667221298,34.9560249068228
8105.997779422346,1570.8265013888763,-1.3785357737104826,34.9560249068228
8105.997779422346,1570.2274997249826,-1.3768718801996673,34.9560249068228
8105.997779422346,1569.6284980610892,-1.375207986688852,34.9560249068228
8105.997779422346,1569.0294963971958,-1.3735440931780367,34.9560249068228
8105.997779422346,1568.430494733302,-1.3718801996672214,34.9560249068228
8105.997779422346,1567.8314930694087,-1.370216306156406,34.9560249068228
8105.997779422346,1567.2324914055152,-1.3685524126455908,34.9560249068228
8105.997779422346,1566.6334897416216,-1.3668885191347755,34.9560249068228
8105.997779422346,1566.0344880777282,-1.3652246256239602,34.9560249068228
8105.997779422346,1565.4354864138347,-1.3635607321131449,34.9560249068228
8105.997779422346,1564.836484749941,-1.3618968386023294,34.9560249068228
8105.997779422346,1564.2374830860476,-1.360232945091514,34.9560249068228
8105.997779422346,1563.6384814221542,-1.3585690515806987,34.9560249068228
8105.997779422346,1563.0394797582605,-1.3569051580698834,34.9560249068228
8105.997779422346,1562.440478094367,-1.3552412645590681,34.9560249068228
8105.997779422346,1561.8414764304737,-1.3535773710482528,34.9560249068228
8105.997779422346,1561.24247476658,-1.3519134775374375,34.9560249068228
8105.997779422346,1560.6434731026866,-1.3502495840266222,34.9560249068228
8105.997779422346,1560.0444714387932,-1.348585690515807,34.9560249068228
8105.997779422346,1559.4454697748995,-1.3469217970049916,34.9560249068228
8105.997779422346,1558.846468111006,-1.3452579034941763,34.9560249068228
8105.997779422346,1558.2474664471124,-1.343594009983361,34.9560249068228
8105.997779422346,1557.648464783219,-1.3419301164725457,34.9560249068228
8105.997779422346,1557.0494631193255,-1.3402662229617304,34.9560249068228
8105.997779422346,1556.4504614554319,-1.338602329450915,34.9560249068228
8105.997779422346,1555.8514597915384,-1.3369384359400998,34.9560249068228
8105.997779422346,1555.252458127645,-1.3352745424292845,34.9560249068228
8105.997779422346,1554.6534564637514,-1.3336106489184691,34.9560249068228
8105.997779422346,1554.054454799858,-1.3319467554076538,34.9560249068228
8105.997779422346,1553.4554531359645,-1.3302828618968385,34.9560249068228
8105.997779422346,1552.8564514720708,-1.3286189683860232,34.9560249068228
8105.997779422346,1552.2574498081774,-1.326955074875208,34.9560249068228
8105.997779422346,1551.658448144284,-1.3252911813643926,34.9560249068228
8105.997779422346,1551.0594464803903,-1.3236272878535773,34.9560249068228
8105.997779422346,1550.4604448164969,-1.321963394342762,34.9560249068228
8105.997779422346,1549.8614431526034,-1.3202995008319467,34.9560249068228
8105.997779422346,1549.2624414887098,-1.3186356073211314,34.9560249068228
8105.997779422346,1548.6634398248164,-1.316971713810316,34.9560249068228
8105.997779422346,1548.064438160923,-1.3153078202995008,34.9560249068228
8105.997779422346,1547.4654364970293,-1.3136439267886855,34.9560249068228
8105.997779422346,1546.8664348331358,-1.3119800332778702,34.9560249068228
8105.997779422346,1546.2674331692424,-1.3103161397670549,34.9560249068228
8105.997779422346,1545.6684315053487,-1.3086522462562395,34.9560249068228
8105.997779422346,1545.0694298414553,-1.3069883527454242,34.9560249068228
8105.997779422346,1544.4704281775616,-1.305324459234609,34.9560249068228
8105.997779422346,1543.8714265136682,-1.3036605657237936,34.9560249068228
8105.997779422346,1543.2724248497748,-1.3019966722129783,34.9560249068228
8105.997779422346,1542.6734231858811,-1.300332778702163,34.9560249068228
8105.997779422346,1542.0744215219877,-1.2986688851913477,34.9560249068228
8105.997779422346,1541.4754198580943,-1.2970049916805324,34.9560249068228
8105.997779422346,1540.8764181942006,-1.295341098169717,34.9560249068228
8105.997779422346,1540.2774165303072,-1.2936772046589018,34.9560249068228
8105.997779422346,1539.6784148664137,-1.2920133111480865,34.9560249068228
8105.997779422346,1539.07941320252,-1.2903494176372712,34.9560249068228
8105.997779422346,1538.4804115386266,-1.2886855241264559,34.9560249068228
8105.997779422346,1537.8814098747332,-1.2870216306156406,34.9560249068228
8105.997779422346,1537.2824082108395,-1.2853577371048253,34.9560249068228
8105.997779422346,1536.6834065469461,-1.28369384359401,34.9560249068228
8105.997779422346,1536.0844048830527,-1.2820299500831946,34.9560249068228
8105.997779422346,1535.485403219159,-1.2803660565723793,34.9560249068228
8105.997779422346,1534.8864015552656,-1.278702163061564,34.9560249068228
8105.997779422346,1534.2873998913722,-1.2770382695507487,34.9560249068228
8105.997779422346,1533.6883982274785,-1.2753743760399334,34.9560249068228
8105.997779422346,1533.089396563585,-1.2737104825291181,34.9560249068228
8105.997779422346,1532.4903948996916,-1.2720465890183028,34.9560249068228
8105.997779422346,1531.891393235798,-1.2703826955074875,34.9560249068228
8105.997779422346,1531.2923915719045,-1.2687188019966722,34.9560249068228
8105.997779422346,1530.693389908011,-1.267054908485857,34.9560249068228
8105.997779422346,1530.0943882441175,-1.2653910149750416,34.9560249068228
8105.997779422346,1529.495386580224,-1.2637271214642263,34.9560249068228
8105.997779422346,1528.8963849163306,-1.262063227953411,34.9560249068228
8105.997779422346,1528.297383252437,-1.2603993344425957,34.9560249068228
8105.997779422346,1527.6983815885435,-1.2587354409317804,34.9560249068228
8105.997779422346,1527.0993799246498,-1.257071547420965,34.9560249068228
8105.997779422346,1526.5003782607564,-1.2554076539101497,34.9560249068228
8105.997779422346,1525.901376596863,-1.2537437603993344,34.9560249068228
8105.997779422346,1525.3023749329693,-1.2520798668885191,34.9560249068228
8105.997779422346,1524.7033732690759,-1.2504159733777038,34.9560249068228
8105.997779422346,1524.1043716051825,-1.2487520798668885,34.9560249068228
8105.997779422346,1523.5053699412888,-1.2470881863560732,34.9560249068228
8105.997779422346,1522.9063682773954,-1.245424292845258,34.9560249068228
8105.997779422346,1522.307366613502,-1.2437603993344426,34.9560249068228
8105.997779422346,1521.7083649496083,-1.2420965058236273,34.9560249068228
8105.997779422346,1521.1093632857148,-1.240432612312812,34.9560249068228
8105.997779422346,1520.5103616218214,-1.2387687188019967,34.9560249068228
8105.997779422346,1519.9113599579277,-1.2371048252911814,34.9560249068228
8105.997779422346,1519.3123582940343,-1.235440931780366,34.9560249068228
8105.997779422346,1518.7133566301409,-1.2337770382695508,34.97549291052426
8105.997779422346,1518.1143549662472,-1.2321131447587355,34.97549291052426
8105.997779422346,1517.5153533023538,-1.2304492512479202,34.97549291052426
8105.997779422346,1516.9163516384604,-1.2287853577371048,34.97549291052426
8105.997779422346,1516.3173499745667,-1.2271214642262895,34.97549291052426
8105.997779422346,1515.7183483106733,-1.2254575707154742,34.97549291052426
8105.997779422346,1515.1193466467798,-1.223793677204659,34.97549291052426
8105.997779422346,1514.5203449828862,-1.2221297836938436,34.97549291052426
8105.997779422346,1513.9213433189927,-1.2204658901830283,34.97549291052426
8105.997779422346,1513.322341655099,-1.218801996672213,34.97549291052426
8105.997779422346,1512.7233399912056,-1.2171381031613977,34.97549291052426
8105.997779422346,1512.1243383273122,-1.2154742096505824,34.97549291052426
8105.997779422346,1511.5253366634186,-1.213810316139767,34.97549291052426
8105.997779422346,1510.9263349995251,-1.2121464226289518,34.97549291052426
8105.997779422346,1510.3273333356317,-1.2104825291181365,34.97549291052426
8105.997779422346,1509.728331671738,-1.2088186356073212,34.97549291052426
8105.997779422346,1509.1293300078446,-1.2071547420965059,34.97549291052426
8105.997779422346,1508.5303283439512,-1.2054908485856906,34.97549291052426
8105.997779422346,1507.9313266800575,-1.2038269550748752,34.97549291052426
8105.997779422346,1507.332325016164,-1.20216306156406,34.97549291052426
8105.997779422346,1506.7333233522706,-1.2004991680532446,34.97549291052426
8105.997779422346,1506.134321688377,-1.1988352745424293,34.97549291052426
8105.997779422346,1505.5353200244836,-1.197171381031614,34.97549291052426
8105.997779422346,1504.9363183605901,-1.1955074875207987,34.97549291052426
8105.997779422346,1504.3373166966965,-1.1938435940099834,34.97549291052426
8105.997779422346,1503.738315032803,-1.192179700499168,34.97549291052426
8105.997779422346,1503.1393133689096,-1.1905158069883528,34.97549291052426
8105.997779422346,1502.540311705016,-1.1888519134775375,34.97549291052426
8105.997779422346,1501.9413100411225,-1.1871880199667222,34.97549291052426
8105.997779422346,1501.342308377229,-1.1855241264559069,34.97549291052426
8105.997779422346,1500.7433067133354,-1.1838602329450916,34.97549291052426
8105.997779422346,1500.144305049442,-1.1821963394342763,34.97549291052426
8105.997779422346,1499.5453033855483,-1.180532445923461,34.97549291052426
8105.997779422346,1498.946301721655,-1.1788685524126457,34.97549291052426
8105.997779422346,1498.3473000577615,-1.1772046589018303,34.97549291052426
8105.997779422346,1497.748298393868,-1.175540765391015,34.97549291052426
8105.997779422346,1497.1492967299744,-1.1738768718801997,34.97549291052426
8105.997779422346,1496.550295066081,-1.1722129783693844,34.97549291052426
8105.997779422346,1495.9512934021873,-1.1705490848585691,34.97549291052426
8105.997779422346,1495.3522917382938,-1.1688851913477538,34.97549291052426
8105.997779422346,1494.7532900744004,-1.1672212978369385,34.97549291052426
8105.997779422346,1494.1542884105068,-1.1655574043261232,34.97549291052426
8105.997779422346,1493.5552867466133,-1.1638935108153077,34.97549291052426
8105.997779422346,1492.95628508272,-1.1622296173044924,34.97549291052426
8105.997779422346,1492.3572834188262,-1.160565723793677,34.97549291052426
8105.997779422346,1491.7582817549328,-1.1589018302828618,34.97549291052426
8105.997779422346,1491.1592800910394,-1.1572379367720464,34.97549291052426
8105.997779422346,1490.5602784271457,-1.1555740432612311,34.97549291052426
8105.997779422346,1489.9612767632523,-1.1539101497504158,34.97549291052426
8105.997779422346,1489.3622750993588,-1.1522462562396005,34.97549291052426
8105.997779422346,1488.7632734354652,-1.1505823627287852,34.97549291052426
8105.997779422346,1488.1642717715717,-1.14891846921797,34.97549291052426
8105.997779422346,1487.5652701076783,-1.1472545757071546,34.97549291052426
8105.997779422346,1486.9662684437847,-1.1455906821963393,34.97549291052426
8105.997779422346,1486.3672667798912,-1.143926788685524,34.97549291052426
8105.997779422346,1485.7682651159978,-1.1422628951747087,34.97549291052426
8105.997779422346,1485.1692634521041,-1.1405990016638934,34.97549291052426
8105.997779422346,1484.5702617882107,-1.138935108153078,34.97549291052426
8105.997779422346,1483.9712601243173,-1.1372712146422628,34.97549291052426
8105.997779422346,1483.3722584604236,-1.1356073211314475,34.97549291052426
8105.997779422346,1482.7732567965302,-1.1339434276206322,34.97549291052426
8105.997779422346,1482.1742551326365,-1.1322795341098169,34.97549291052426
8105.997779422346,1481.575253468743,-1.1306156405990015,34.97549291052426
8105.997779422346,1480.9762518048497,-1.1289517470881862,34.97549291052426
8105.997779422346,1480.3772501409562,-1.127287853577371,34.97549291052426
8105.997779422346,1479.7782484770626,-1.1256239600665556,34.97549291052426
8105.997779422346,1479.1792468131691,-1.1239600665557403,34.97549291052426
8105.997779422346,1478.5802451492755,-1.122296173044925,34.97549291052426
8105.997779422346,1477.981243485382,-1.1206322795341097,34.97549291052426
8105.997779422346,1477.3822418214886,-1.1189683860232944,34.97549291052426
8105.997779422346,1476.783240157595,-1.117304492512479,34.97549291052426
8105.997779422346,1476.1842384937015,-1.1156405990016638,34.97549291052426
8105.997779422346,1475.585236829808,-1.1139767054908485,34.97549291052426
8105.997779422346,1474.9862351659144,-1.1123128119800332,34.97549291052426
8105.997779422346,1474.387233502021,-1.1106489184692179,34.97549291052426
8105.997779422346,1473.7882318381276,-1.1089850249584026,34.97549291052426
8105.997779422346,1473.189230174234,-1.1073211314475873,34.97549291052426
8105.997779422346,1472.5902285103405,-1.105657237936772,34.97549291052426
8105.997779422346,1471.991226846447,-1.1039933444259566,34.97549291052426
8105.997779422346,1471.3922251825534,-1.1023294509151413,34.97549291052426
8105.997779422346,1470.79322351866,-1.100665557404326,34.97549291052426
8105.997779422346,1470.1942218547665,-1.0990016638935107,34.97549291052426
8105.997779422346,1469.5952201908729,-1.0973377703826954,34.97549291052426
8105.997779422346,1468.9962185269794,-1.0956738768718801,34.97549291052426
8105.997779422346,1468.3972168630858,-1.0940099833610648,34.97549291052426
8105.997779422346,1467.7982151991923,-1.0923460898502495,34.97549291052426
8105.997779422346,1467.199213535299,-1.0906821963394342,34.97549291052426
8105.997779422346,1466.6002118714055,-1.089018302828619,34.97549291052426
8105.997779422346,1466.0012102075118,-1.0873544093178036,34.97549291052426
8105.997779422346,1465.4022085436184,-1.0856905158069883,34.97549291052426
8105.997779422346,1464.8032068797247,-1.084026622296173,34.97549291052426
8105.997779422346,1464.2042052158313,-1.0823627287853577,34.97549291052426
8105.997779422346,1463.6052035519378,-1.0806988352745424,34.97549291052426
8105.997779422346,1463.0062018880442,-1.079034941763727,34.97549291052426
8105.997779422346,1462.4072002241508,-1.0773710482529117,34.97549291052426
8105.997779422346,1461.8081985602573,-1.0757071547420964,34.97549291052426
8105.997779422346,1461.2091968963637,-1.0740432612312811,34.97549291052426
8105.997779422346,1460.6101952324702,-1.0723793677204658,34.97549291052426
8105.997779422346,1460.0111935685768,-1.0707154742096505,34.97549291052426
8105.997779422346,1459.4121919046831,-1.0690515806988352,34.97549291052426
8105.997779422346,1458.8131902407897,-1.06738768718802,34.97549291052426
8105.997779422346,1458.2141885768963,-1.0657237936772046,34.97549291052426
8105.997779422346,1457.6151869130026,-1.0640599001663893,34.97549291052426
8105.997779422346,1457.0161852491092,-1.062396006655574,34.97549291052426
8105.997779422346,1456.4171835852158,-1.0607321131447587,34.97549291052426
8105.997779422346,1455.818181921322,-1.0590682196339434,34.97549291052426
8105.997779422346,1455.2191802574287,-1.057404326123128,34.97549291052426
8105.997779422346,1454.6201785935352,-1.0557404326123128,34.97549291052426
8105.997779422346,1454.0211769296416,-1.0540765391014975,34.99421425124859
8105.997779422346,1453.4221752657481,-1.0524126455906821,34.99421425124859
8105.997779422346,1452.8231736018547,-1.0507487520798668,34.99421425124859
8105.997779422346,1452.224171937961,-1.0490848585690515,34.99421425124859
8105.997779422346,1451.6251702740676,-1.0474209650582362,34.99421425124859
8105.997779422346,1451.026168610174,-1.045757071547421,34.99421425124859
8105.997779422346,1450.4271669462805,-1.0440931780366056,34.99421425124859
8105.997779422346,1449.828165282387,-1.0424292845257903,34.99421425124859
8105.997779422346,1449.2291636184937,-1.040765391014975,34.99421425124859
8105.997779422346,1448.6301619546,-1.0391014975041597,34.99421425124859
8105.997779422346,1448.0311602907066,-1.0374376039933444,34.99421425124859
8105.997779422346,1447.432158626813,-1.035773710482529,34.99421425124859
8105.997779422346,1446.8331569629195,-1.0341098169717138,34.99421425124859
8105.997779422346,1446.234155299026,-1.0324459234608985,34.99421425124859
8105.997779422346,1445.6351536351324,-1.0307820299500832,34.99421425124859
8105.997779422346,1445.036151971239,-1.0291181364392679,34.99421425124859
8105.997779422346,1444.4371503073455,-1.0274542429284526,34.99421425124859
8105.997779422346,1443.8381486434519,-1.0257903494176372,34.99421425124859
8105.997779422346,1443.2391469795584,-1.024126455906822,34.99421425124859
8105.997779422346,1442.640145315665,-1.0224625623960066,34.99421425124859
8105.997779422346,1442.0411436517713,-1.0207986688851913,34.99421425124859
8105.997779422346,1441.442141987878,-1.019134775374376,34.99421425124859
8105.997779422346,1440.8431403239845,-1.0174708818635607,34.99421425124859
8105.997779422346,1440.2441386600908,-1.0158069883527454,34.99421425124859
8105.997779422346,1439.6451369961974,-1.01414309484193,34.99421425124859
8105.997779422346,1439.046135332304,-1.0124792013311148,34.99421425124859
8105.997779422346,1438.4471336684103,-1.0108153078202995,34.99421425124859
8105.997779422346,1437.8481320045169,-1.0091514143094842,34.99421425124859
8105.997779422346,1437.2491303406232,-1.0074875207986689,34.99421425124859
8105.997779422346,1436.6501286767298,-1.0058236272878536,34.99421425124859
8105.997779422346,1436.0511270128363,-1.0041597337770383,34.99421425124859
8105.997779422346,1435.452125348943,-1.002495840266223,34.99421425124859
8105.997779422346,1434.8531236850492,-1.0008319467554077,34.99421425124859
8105.997779422346,1434.2541220211558,-0.9991680532445923,31.437376669565715
8105.997779422346,1433.6551203572621,-0.997504159733777,31.437376669565715
8105.997779422346,1433.0561186933687,-0.9958402662229617,31.437376669565715
8105.997779422346,1432.4571170294753,-0.9941763727121464,31.437376669565715
8105.997779422346,1431.8581153655816,-0.9925124792013311,31.437376669565715
8105.997779422346,1431.2591137016882,-0.9908485856905158,31.437376669565715
8105.997779422346,1430.6601120377948,-0.9891846921797005,31.437376669565715
8105.997779422346,1430.061110373901,-0.9875207986688852,31.437376669565715
8105.997779422346,1429.4621087100077,-0.9858569051580699,31.437376669565715
8105.997779422346,1428.8631070461142,-0.9841930116472546,31.437376669565715
8105.997779422346,1428.2641053822206,-0.9825291181364393,31.437376669565715
8105.997779422346,1427.6651037183271,-0.980865224625624,31.437376669565715
8105.997779422346,1427.0661020544337,-0.9792013311148087,31.437376669565715
8105.997779422346,1426.46710039054,-0.9775374376039934,31.437376669565715
8105.997779422346,1425.8680987266466,-0.9758735440931781,31.437376669565715
8105.997779422346,1425.2690970627532,-0.9742096505823628,31.437376669565715
8105.997779422346,1424.6700953988595,-0.9725457570715474,31.437376669565715
8105.997779422346,1424.071093734966,-0.9708818635607321,31.437376669565715
8105.997779422346,1423.4720920710727,-0.9692179700499168,31.437376669565715
8105.997779422346,1422.873090407179,-0.9675540765391015,31.437376669565715
8105.997779422346,1422.2740887432856,-0.9658901830282862,31.437376669565715
8105.997779422346,1421.6750870793921,-0.9642262895174709,31.437376669565715
8105.997779422346,1421.0760854154985,-0.9625623960066556,31.437376669565715
8105.997779422346,1420.477083751605,-0.9608985024958403,31.437376669565715
8105.997779422346,1419.8780820877114,-0.959234608985025,31.437376669565715
8105.997779422346,1419.279080423818,-0.9575707154742097,31.437376669565715
8105.997779422346,1418.6800787599245,-0.9559068219633944,31.437376669565715
8105.997779422346,1418.081077096031,-0.9542429284525791,31.437376669565715
8105.997779422346,1417.4820754321374,-0.9525790349417638,31.437376669565715
8105.997779422346,1416.883073768244,-0.9509151414309484,31.437376669565715
8105.997779422346,1416.2840721043503,-0.949251247920133,31.437376669565715
8105.997779422346,1415.685070440457,-0.9475873544093177,31.437376669565715
8105.997779422346,1415.0860687765635,-0.9459234608985024,31.437376669565715
8105.997779422346,1414.4870671126698,-0.9442595673876871,31.437376669565715
8105.997779422346,1413.8880654487764,-0.9425956738768718,31.437376669565715
8105.997779422346,1413.289063784883,-0.9409317803660565,31.437376669565715
8105.997779422346,1412.6900621209893,-0.9392678868552412,31.437376669565715
8105.997779422346,1412.0910604570959,-0.9376039933444259,31.437376669565715
8105.997779422346,1411.4920587932024,-0.9359400998336106,31.437376669565715
8105.997779422346,1410.8930571293088,-0.9342762063227953,31.437376669565715
8105.997779422346,1410.2940554654153,-0.93261231281198,31.437376669565715
8105.997779422346,1409.695053801522,-0.9309484193011647,31.437376669565715
8105.997779422346,1409.0960521376282,-0.9292845257903494,31.437376669565715
8105.997779422346,1408.4970504737348,-0.9276206322795341,31.437376669565715
8105.997779422346,1407.8980488098414,-0.9259567387687188,31.437376669565715
8105.997779422346,1407.2990471459477,-0.9242928452579035,31.437376669565715
8105.997779422346,1406.7000454820543,-0.9226289517470881,31.437376669565715
8105.997779422346,1406.1010438181606,-0.9209650582362728,31.437376669565715
8105.997779422346,1405.5020421542672,-0.9193011647254575,31.437376669565715
8105.997779422346,1404.9030404903738,-0.9176372712146422,31.437376669565715
8105.997779422346,1404.3040388264803,-0.9159733777038269,31.437376669565715
8105.997779422346,1403.7050371625867,-0.9143094841930116,31.437376669565715
8105.997779422346,1403.1060354986932,-0.9126455906821963,31.437376669565715
8105.997779422346,1402.5070338347996,-0.910981697171381,31.437376669565715
8105.997779422346,1401.9080321709062,-0.9093178036605657,31.437376669565715
8105.997779422346,1401.3090305070127,-0.9076539101497504,31.437376669565715
8105.997779422346,1400.710028843119,-0.9059900166389351,31.437376669565715
8105.997779422346,1400.1110271792256,-0.9043261231281198,31.437376669565715
8105.997779422346,1399.5120255153322,-0.9026622296173045,31.437376669565715
8105.997779422346,1398.9130238514385,-0.9009983361064892,31.437376669565715
8105.997779422346,1398.314022187545,-0.8993344425956739,31.437376669565715
8105.997779422346,1397.7150205236517,-0.8976705490848585,31.437376669565715
8105.997779422346,1397.116018859758,-0.8960066555740432,31.437376669565715
8105.997779422346,1396.5170171958646,-0.8943427620632279,31.437376669565715
8105.997779422346,1395.9180155319712,-0.8926788685524126,31.437376669565715
8105.997779422346,1395.3190138680775,-0.8910149750415973,31.437376669565715
8105.997779422346,1394.720012204184,-0.889351081530782,31.437376669565715
8105.997779422346,1394.1210105402906,-0.8876871880199667,31.437376669565715
8105.997779422346,1393.522008876397,-0.8860232945091514,31.437376669565715
8105.997779422346,1392.9230072125035,-0.8843594009983361,31.437376669565715
8105.997779422346,1392.32400554861,-0.8826955074875208,31.437376669565715
8105.997779422346,1391.7250038847164,-0.8810316139767055,31.437376669565715
8105.997779422346,1391.126002220823,-0.8793677204658902,31.437376669565715
8105.997779422346,1390.5270005569296,-0.8777038269550749,31.437376669565715
8105.997779422346,1389.927998893036,-0.8760399334442596,31.437376669565715
8105.997779422346,1389.3289972291425,-0.8743760399334443,31.437376669565715
8105.997779422346,1388.7299955652488,-0.872712146422629,31.523465929767042
8105.997779422346,1388.1309939013554,-0.8710482529118136,31.523465929767042
8105.997779422346,1387.531992237462,-0.8693843594009983,31.523465929767042
8105.997779422346,1386.9329905735685,-0.867720465890183,31.523465929767042
8105.997779422346,1386.3339889096749,-0.8660565723793677,31.523465929767042
8105.997779422346,1385.7349872457814,-0.8643926788685524,31.523465929767042
8105.997779422346,1385.1359855818878,-0.8627287853577371,31.523465929767042
8105.997779422346,1384.5369839179943,-0.8610648918469218,31.523465929767042
8105.997779422346,1383.937982254101,-0.8594009983361065,31.523465929767042
8105.997779422346,1383.3389805902073,-0.8577371048252912,31.523465929767042
8105.997779422346,1382.7399789263138,-0.8560732113144759,31.523465929767042
8105.997779422346,1382.1409772624204,-0.8544093178036606,31.523465929767042
8105.997779422346,1381.5419755985267,-0.8527454242928453,31.523465929767042
8105.997779422346,1380.9429739346333,-0.85108153078203,31.523465929767042
8105.997779422346,1380.3439722707399,-0.8494176372712147,31.523465929767042
8105.997779422346,1379.7449706068462,-0.8477537437603994,31.523465929767042
8105.997779422346,1379.1459689429528,-0.846089850249584,31.523465929767042
8105.997779422346,1378.5469672790593,-0.8444259567387687,31.523465929767042
8105.997779422346,1377.9479656151657,-0.8427620632279534,31.523465929767042
8105.997779422346,1377.3489639512723,-0.8410981697171381,31.523465929767042
8105.997779422346,1376.7499622873788,-0.8394342762063228,31.523465929767042
8105.997779422346,1376.1509606234852,-0.8377703826955075,31.523465929767042
8105.997779422346,1375.5519589595917,-0.8361064891846922,31.523465929767042
8105.997779422346,1374.952957295698,-0.8344425956738769,31.523465929767042
8105.997779422346,1374.3539556318046,-0.8327787021630616,31.523465929767042
8105.997779422346,1373.7549539679112,-0.8311148086522463,31.523465929767042
8105.997779422346,1373.1559523040178,-0.8294509151414309,31.523465929767042
8105.997779422346,1372.5569506401241,-0.8277870216306156,31.523465929767042
8105.997779422346,1371.9579489762307,-0.8261231281198003,31.523465929767042
8105.997779422346,1371.358947312337,-0.824459234608985,31.523465929767042
8105.997779422346,1370.7599456484436,-0.8227953410981697,31.523465929767042
8105.997779422346,1370.1609439845502,-0.8211314475873543,31.523465929767042
8105.997779422346,1369.5619423206565,-0.819467554076539,31.523465929767042
8105.997779422346,1368.962940656763,-0.8178036605657237,31.523465929767042
8105.997779422346,1368.3639389928696,-0.8161397670549084,31.523465929767042
8105.997779422346,1367.764937328976,-0.8144758735440931,31.523465929767042
8105.997779422346,1367.1659356650825,-0.8128119800332778,31.523465929767042
8105.997779422346,1366.566934001189,-0.8111480865224625,31.523465929767042
8105.997779422346,1365.9679323372955,-0.8094841930116472,31.523465929767042
8105.997779422346,1365.368930673402,-0.8078202995008319,31.523465929767042
8105.997779422346,1364.7699290095086,-0.8061564059900166,31.523465929767042
8105.997779422346,1364.170927345615,-0.8044925124792013,31.523465929767042
8105.997779422346,1363.5719256817215,-0.802828618968386,31.523465929767042
8105.997779422346,1362.972924017828,-0.8011647254575707,31.523465929767042
8105.997779422346,1362.3739223539344,-0.7995008319467554,31.523465929767042
8105.997779422346,1361.774920690041,-0.7978369384359401,31.523465929767042
8105.997779422346,1361.1759190261473,-0.7961730449251248,31.523465929767042
8105.997779422346,1360.5769173622539,-0.7945091514143094,31.523465929767042
8105.997779422346,1359.9779156983604,-0.7928452579034941,31.523465929767042
8105.997779422346,1359.378914034467,-0.7911813643926788,31.523465929767042
8105.997779422346,1358.7799123705734,-0.7895174708818635,31.523465929767042
8105.997779422346,1358.18091070668,-0.7878535773710482,31.523465929767042
8105.997779422346,1357.5819090427863,-0.7861896838602329,31.523465929767042
8105.997779422346,1356.9829073788928,-0.7845257903494176,31.523465929767042
8105.997779422346,1356.3839057149994,-0.7828618968386023,31.523465929767042
8105.997779422346,1355.784904051106,-0.781198003327787,31.523465929767042
8105.997779422346,1355.1859023872123,-0.7795341098169717,31.523465929767042
8105.997779422346,1354.5869007233189,-0.7778702163061564,31.523465929767042
8105.997779422346,1353.9878990594252,-0.7762063227953411,31.523465929767042
8105.997779422346,1353.3888973955318,-0.7745424292845258,31.523465929767042
8105.997779422346,1352.7898957316384,-0.7728785357737105,31.523465929767042
8105.997779422346,1352.1908940677447,-0.7712146422628952,31.523465929767042
8105.997779422346,1351.5918924038513,-0.7695507487520798,31.523465929767042
8105.997779422346,1350.9928907399578,-0.7678868552412645,31.523465929767042
8105.997779422346,1350.3938890760642,-0.7662229617304492,31.523465929767042
8105.997779422346,1349.7948874121707,-0.7645590682196339,31.523465929767042
8105.997779422346,1349.1958857482773,-0.7628951747088186,31.523465929767042
8105.997779422346,1348.5968840843836,-0.7612312811980033,31.523465929767042
8105.997779422346,1347.9978824204902,-0.759567387687188,31.523465929767042
8105.997779422346,1347.3988807565966,-0.7579034941763727,31.523465929767042
8105.997779422346,1346.7998790927031,-0.7562396006655574,31.523465929767042
8105.997779422346,1346.2008774288097,-0.7545757071547421,31.523465929767042
8105.997779422346,1345.6018757649163,-0.7529118136439268,31.523465929767042
8105.997779422346,1345.0028741010226,-0.7512479201331115,31.523465929767042
8105.997779422346,1344.4038724371292,-0.7495840266222962,31.523465929767042
8105.997779422346,1343.8048707732355,-0.7479201331114809,31.523465929767042
8105.997779422346,1343.205869109342,-0.7462562396006656,31.523465929767042
8105.997779422346,1342.6068674454486,-0.7445923460898503,31.523465929767042
8105.997779422346,1342.0078657815552,-0.742928452579035,31.523465929767042
8105.997779422346,1341.4088641176616,-0.7412645590682196,31.523465929767042
8105.997779422346,1340.8098624537681,-0.7396006655574043,31.523465929767042
8105.997779422346,1340.2108607898745,-0.737936772046589,31.523465929767042
8105.997779422346,1339.611859125981,-0.7362728785357737,31.523465929767042
8105.997779422346,1339.0128574620876,-0.7346089850249584,31.523465929767042
8105.997779422346,1338.4138557981942,-0.7329450915141431,31.523465929767042
8105.997779422346,1337.8148541343005,-0.7312811980033278,31.523465929767042
8105.997779422346,1337.215852470407,-0.7296173044925125,31.523465929767042
8105.997779422346,1336.6168508065134,-0.7279534109816972,31.523465929767042
8105.997779422346,1336.01784914262,-0.7262895174708819,31.523465929767042
8105.997779422346,1335.4188474787265,-0.7246256239600666,31.523465929767042
8105.997779422346,1334.819845814833,-0.7229617304492513,31.523465929767042
8105.997779422346,1334.2208441509395,-0.721297836938436,31.523465929767042
8105.997779422346,1333.621842487046,-0.7196339434276207,31.523465929767042
8105.997779422346,1333.0228408231524,-0.7179700499168054,31.523465929767042
8105.997779422346,1332.423839159259,-0.71630615640599,31.523465929767042
8105.997779422346,1331.8248374953655,-0.7146422628951747,31.523465929767042
8105.997779422346,1331.2258358314718,-0.7129783693843594,31.523465929767042
8105.997779422346,1330.6268341675784,-0.7113144758735441,31.523465929767042
8105.997779422346,1330.0278325036847,-0.7096505823627288,31.523465929767042
8105.997779422346,1329.4288308397913,-0.7079866888519134,31.523465929767042
8105.997779422346,1328.8298291758979,-0.7063227953410981,31.523465929767042
8105.997779422346,1328.2308275120045,-0.7046589018302828,31.523465929767042
8105.997779422346,1327.6318258481108,-0.7029950083194675,31.523465929767042
8105.997779422346,1327.0328241842174,-0.7013311148086522,31.523465929767042
8105.997779422346,1326.4338225203237,-0.6996672212978369,31.523465929767042
8105.997779422346,1325.8348208564303,-0.6980033277870216,31.523465929767042
8105.997779422346,1325.2358191925368,-0.6963394342762063,31.523465929767042
8105.997779422346,1324.6368175286434,-0.694675540765391,31.523465929767042
8105.997779422346,1324.0378158647497,-0.6930116472545756,31.62322649073194
8105.997779422346,1323.4388142008563,-0.6913477537437603,31.62322649073194
8105.997779422346,1322.8398125369627,-0.689683860232945,31.62322649073194
8105.997779422346,1322.2408108730692,-0.6880199667221297,31.62322649073194
8105.997779422346,1321.6418092091758,-0.6863560732113144,31.62322649073194
8105.997779422346,1321.0428075452821,-0.6846921797004991,31.62322649073194
8105.997779422346,1320.4438058813887,-0.6830282861896838,31.62322649073194
8105.997779422346,1319.8448042174953,-0.6813643926788685,31.62322649073194
8105.997779422346,1319.2458025536016,-0.6797004991680532,31.62322649073194
8105.997779422346,1318.6468008897082,-0.6780366056572379,31.62322649073194
8105.997779422346,1318.0477992258147,-0.6763727121464226,31.62322649073194
8105.997779422346,1317.448797561921,-0.6747088186356073,31.62322649073194
8105.997779422346,1316.8497958980277,-0.673044925124792,31.62322649073194
8105.997779422346,1316.250794234134,-0.6713810316139767,31.62322649073194
8105.997779422346,1315.6517925702406,-0.6697171381031614,31.62322649073194
8105.997779422346,1315.0527909063471,-0.668053244592346,31.62322649073194
8105.997779422346,1314.4537892424537,-0.6663893510815307,31.62322649073194
8105.997779422346,1313.85478757856,-0.6647254575707154,31.62322649073194
8105.997779422346,1313.2557859146666,-0.6630615640599001,31.62322649073194
8105.997779422346,1312.656784250773,-0.6613976705490848,31.62322649073194
8105.997779422346,1312.0577825868795,-0.6597337770382695,31.62322649073194
8105.997779422346,1311.458780922986,-0.6580698835274542,31.62322649073194
8105.997779422346,1310.8597792590926,-0.6564059900166389,31.62322649073194
8105.997779422346,1310.260777595199,-0.6547420965058236,31.62322649073194
8105.997779422346,1309.6617759313056,-0.6530782029950083,31.62322649073194
8105.997779422346,1309.062774267412,-0.651414309484193,31.62322649073194
8105.997779422346,1308.4637726035185,-0.6497504159733777,31.62322649073194
8105.997779422346,1307.864770939625,-0.6480865224625624,31.62322649073194
8105.997779422346,1307.2657692757316,-0.6464226289517471,31.62322649073194
8105.997779422346,1306.666767611838,-0.6447587354409318,31.62322649073194
8105.997779422346,1306.0677659479445,-0.6430948419301165,31.62322649073194
8105.997779422346,1305.4687642840508,-0.6414309484193012,31.62322649073194
8105.997779422346,1304.8697626201574,-0.6397670549084858,31.62322649073194
8105.997779422346,1304.270760956264,-0.6381031613976705,31.62322649073194
8105.997779422346,1303.6717592923703,-0.6364392678868552,31.62322649073194
8105.997779422346,1303.072757628477,-0.6347753743760399,31.62322649073194
8105.997779422346,1302.4737559645835,-0.6331114808652246,31.62322649073194
8105.997779422346,1301.8747543006898,-0.6314475873544093,31.62322649073194
8105.997779422346,1301.2757526367964,-0.629783693843594,31.62322649073194
8105.997779422346,1300.676750972903,-0.6281198003327787,31.62322649073194
8105.997779422346,1300.0777493090093,-0.6264559068219634,31.62322649073194
8105.997779422346,1299.4787476451158,-0.6247920133111481,31.62322649073194
8105.997779422346,1298.8797459812222,-0.6231281198003328,31.62322649073194
8105.997779422346,1298.2807443173288,-0.6214642262895175,31.62322649073194
8105.997779422346,1297.6817426534353,-0.6198003327787022,31.62322649073194
8105.997779422346,1297.082740989542,-0.6181364392678869,31.62322649073194
8105.997779422346,1296.4837393256482,-0.6164725457570716,31.62322649073194
8105.997779422346,1295.8847376617548,-0.6148086522462562,31.62322649073194
8105.997779422346,1295.2857359978611,-0.6131447587354409,31.62322649073194
8105.997779422346,1294.6867343339677,-0.6114808652246256,31.62322649073194
8105.997779422346,1294.0877326700743,-0.6098169717138103,31.62322649073194
8105.997779422346,1293.4887310061808,-0.608153078202995,31.62322649073194
8105.997779422346,1292.8897293422872,-0.6064891846921797,31.62322649073194
8105.997779422346,1292.2907276783938,-0.6048252911813644,31.62322649073194
8105.997779422346,1291.6917260145,-0.6031613976705491,31.62322649073194
8105.997779422346,1291.0927243506067,-0.6014975041597338,31.62322649073194
8105.997779422346,1290.4937226867132,-0.5998336106489185,31.62322649073194
8105.997779422346,1289.8947210228196,-0.5981697171381032,31.62322649073194
8105.997779422346,1289.2957193589261,-0.5965058236272879,31.62322649073194
8105.997779422346,1288.6967176950327,-0.5948419301164726,31.62322649073194
8105.997779422346,1288.097716031139,-0.5931780366056573,31.62322649073194
8105.997779422346,1287.4987143672456,-0.591514143094842,31.62322649073194
8105.997779422346,1286.8997127033522,-0.5898502495840267,31.62322649073194
8105.997779422346,1286.3007110394585,-0.5881863560732113,31.62322649073194
8105.997779422346,1285.701709375565,-0.5865224625623959,31.62322649073194
8105.997779422346,1285.1027077116714,-0.5848585690515806,31.62322649073194
8105.997779422346,1284.503706047778,-0.5831946755407653,31.62322649073194
8105.997779422346,1283.9047043838846,-0.58153078202995,31.62322649073194
8105.997779422346,1283.3057027199911,-0.5798668885191347,31.62322649073194
8105.997779422346,1282.7067010560975,-0.5782029950083194,31.62322649073194
8105.997779422346,1282.107699392204,-0.5765391014975041,31.62322649073194
8105.997779422346,1281.5086977283104,-0.5748752079866888,31.62322649073194
8105.997779422346,1280.909696064417,-0.5732113144758735,31.62322649073194
8105.997779422346,1280.3106944005235,-0.5715474209650582,31.62322649073194
8105.997779422346,1279.71169273663,-0.5698835274542429,31.62322649073194
8105.997779422346,1279.1126910727364,-0.5682196339434276,31.62322649073194
8105.997779422346,1278.513689408843,-0.5665557404326123,31.62322649073194
8105.997779422346,1277.9146877449493,-0.564891846921797,31.62322649073194
8105.997779422346,1277.315686081056,-0.5632279534109816,31.62322649073194
8105.997779422346,1276.7166844171625,-0.5615640599001663,31.62322649073194
8105.997779422346,1276.117682753269,-0.559900166389351,31.62322649073194
8105.997779422346,1275.5186810893754,-0.5582362728785357,31.62322649073194
8105.997779422346,1274.919679425482,-0.5565723793677204,31.62322649073194
8105.997779422346,1274.3206777615883,-0.5549084858569051,31.62322649073194
8105.997779422346,1273.7216760976949,-0.5532445923460898,31.62322649073194
8105.997779422346,1273.1226744338014,-0.5515806988352745,31.62322649073194
8105.997779422346,1272.5236727699078,-0.5499168053244592,31.62322649073194
8105.997779422346,1271.9246711060143,-0.5482529118136439,31.62322649073194
8105.997779422346,1271.325669442121,-0.5465890183028286,31.62322649073194
8105.997779422346,1270.7266677782272,-0.5449251247920133,31.62322649073194
8105.997779422346,1270.1276661143338,-0.543261231281198,31.62322649073194
8105.997779422346,1269.5286644504404,-0.5415973377703827,31.62322649073194
8105.997779422346,1268.9296627865467,-0.5399334442595674,31.62322649073194
8105.997779422346,1268.3306611226533,-0.538269550748752,31.62322649073194
8105.997779422346,1267.7316594587596,-0.5366056572379367,31.62322649073194
8105.997779422346,1267.1326577948662,-0.5349417637271214,31.62322649073194
8105.997779422346,1266.5336561309728,-0.5332778702163061,31.62322649073194
8105.997779422346,1265.9346544670793,-0.5316139767054908,31.62322649073194
8105.997779422346,1265.3356528031857,-0.5299500831946755,31.62322649073194
8105.997779422346,1264.7366511392922,-0.5282861896838602,31.62322649073194
8105.997779422346,1264.1376494753986,-0.5266222961730449,31.62322649073194
8105.997779422346,1263.5386478115051,-0.5249584026622296,31.62322649073194
8105.997779422346,1262.9396461476117,-0.5232945091514143,31.62322649073194
8105.997779422346,1262.3406444837183,-0.521630615640599,31.62322649073194
8105.997779422346,1261.7416428198246,-0.5199667221297837,31.62322649073194
8105.997779422346,1261.1426411559312,-0.5183028286189684,31.62322649073194
8105.997779422346,1260.5436394920375,-0.5166389351081531,31.62322649073194
8105.997779422346,1259.944637828144,-0.5149750415973378,31.62322649073194
8105.997779422346,1259.3456361642507,-0.5133111480865225,31.744947086520966
8105.997779422346,1258.746634500357,-0.5116472545757071,31.744947086520966
8105.997779422346,1258.1476328364636,-0.5099833610648918,31.744947086520966
8105.997779422346,1257.5486311725701,-0.5083194675540765,31.744947086520966
8105.997779422346,1256.9496295086765,-0.5066555740432612,31.744947086520966
8105.997779422346,1256.350627844783,-0.5049916805324459,31.744947086520966
8105.997779422346,1255.7516261808896,-0.5033277870216306,31.744947086520966
8105.997779422346,1255.152624516996,-0.5016638935108153,31.744947086520966
8105.997779422346,1254.5536228531025,-0.5,31.744947086520966
